"""%Y-%m-%d""";X.DJI.Close;X.GDAXI.Close
2000-01-14;0.01206;0.03075
2000-01-17;0;0.01187
2000-01-18;-0.01394;-0.02607
2000-01-19;-0.006192;0.002672
2000-01-20;-0.01209;0.003044
2000-01-21;-0.008812;-0.017
2000-01-24;-0.02188;-0.008727
2000-01-25;0.001971;-0.01781
2000-01-26;0.000281;0.02319
2000-01-27;-0.0004506;0.02224
2000-01-28;-0.02657;-0.008389
2000-01-31;0.0186;-0.03324
2000-02-01;0.009146;0.03095
2000-02-02;-0.003434;0.01708
2000-02-03;0.0009302;0.0251
2000-02-04;-0.004517;0.01221
2000-02-07;-0.005305;-0.02012
2000-02-08;0.004739;0.03416
2000-02-09;-0.02387;0.01044
2000-02-10;-0.005204;0.01045
2000-02-11;-0.02073;-0.01276
2000-02-14;0.009036;0.004359
2000-02-15;0.01867;-0.03307
2000-02-16;-0.01473;0.01265
2000-02-17;-0.004445;0.01197
2000-02-18;-0.02846;-0.0008908
2000-02-21;0;0.002209
2000-02-22;0.008314;0.002291
2000-02-23;-0.007707;0.01189
2000-02-24;-0.0131;-0.00762
2000-02-25;-0.0231;0.01276
2000-02-28;0.01774;-0.01978
2000-02-29;0.008892;0.00754
2000-03-01;0.0009494;0.01085
2000-03-02;0.002659;0.0278
2000-03-03;0.0197;0.001793
2000-03-06;-0.01916;0.001977
2000-03-07;-0.03751;0.01112
2000-03-08;0.006157;-0.009715
2000-03-09;0.01552;-0.00475
2000-03-10;-0.008216;0.003366
2000-03-13;0.001842;-0.03601
2000-03-14;-0.01376;-0.005709
2000-03-15;0.03211;-0.03128
2000-03-16;0.0481;0.0226
2000-03-17;-0.003333;0.0166
2000-03-20;0.007991;0.02072
2000-03-21;0.02104;-0.008221
2000-03-22;-0.003733;-0.001193
2000-03-23;0.02303;-0.0134
2000-03-24;-0.0006423;0.03042
2000-03-27;-0.007848;-0.005046
2000-03-28;-0.008172;0.004985
2000-03-29;0.007525;-0.008504
2000-03-30;-0.003497;-0.02835
2000-03-31;-0.005326;-0.005969
2000-04-03;0.0271;-0.02265
2000-04-04;-0.0051;0.01252
2000-04-05;-0.0118;-0.02586
2000-04-06;0.007256;0.01562
2000-04-07;-0.0002511;0.01015
2000-04-10;0.006734;-0.0006982
2000-04-11;0.008946;-0.009932
2000-04-12;-0.01445;5.51E-05
2000-04-13;-0.01829;0.0008045
2000-04-14;-0.05822;-0.03195
2000-04-17;0.0265;-0.003845
2000-04-18;0.01732;0.0013
2000-04-19;-0.008624;0.002806
2000-04-20;0.01572;-0.008176
2000-04-21;0;0
2000-04-24;0.005706;0
2000-04-25;0.01986;0.01698
2000-04-26;-0.01625;0.01473
2000-04-27;-0.005258;-0.02284
2000-04-28;-0.01426;0.02637
2000-05-01;0.007228;0
2000-05-02;-0.007488;0.01887
2000-05-03;-0.02367;-0.02397
2000-05-04;-0.006475;0.001325
2000-05-05;0.01576;0.01932
2000-05-08;0.002433;-0.01643
2000-05-09;-0.006327;-0.01737
2000-05-10;-0.01617;-0.02218
2000-05-11;0.01704;0.01928
2000-05-12;0.005994;0.001349
2000-05-15;0.01853;-0.01025
2000-05-16;0.01166;0.02415
2000-05-17;-0.01519;-0.02188
2000-05-18;0.0006999;-0.004159
2000-05-19;-0.01406;-0.02718
2000-05-22;-0.007964;-0.01094
2000-05-23;-0.01147;0.002129
2000-05-24;0.01079;-0.01349
2000-05-25;-0.02027;0.02085
2000-05-26;-0.002393;-0.0202
2000-05-29;0;0.0256
2000-05-30;0.02189;0.01452
2000-05-31;-0.0004561;-0.001348
2000-06-01;0.01227;0.02268
2000-06-02;0.01329;0.02259
2000-06-05;0.001901;-0.004167
2000-06-06;-0.007399;-0.00653
2000-06-07;0.007174;-0.01009
2000-06-08;-0.01342;-0.004466
2000-06-09;-0.005137;-0.00092
2000-06-12;-0.004708;-0.0009236
2000-06-13;0.00544;0.003971
2000-06-14;0.006205;0.01122
2000-06-15;0.002511;-0.003041
2000-06-16;-0.02509;-0.01043
2000-06-19;0.01033;-0.007443
2000-06-20;-0.01169;0.003947
2000-06-21;0.005979;-0.01775
2000-06-22;-0.01165;-0.004993
2000-06-23;0.002755;-0.01201
2000-06-26;0.0132;0.006679
2000-06-27;-0.003661;0.003093
2000-06-28;0.002218;0.0007573
2000-06-29;-0.0124;-0.02474
2000-06-30;0.004783;7.27E-05
2000-07-03;0.01074;0.0115
2000-07-04;0;-0.00254
2000-07-05;-0.007325;0.002498
2000-07-06;-0.0002032;0.001589
2000-07-07;0.01463;0.01027
2000-07-10;0.0009961;0.00304
2000-07-11;0.007543;-0.008552
2000-07-12;0.00526;0.008516
2000-07-13;0.0004589;0.01413
2000-07-14;0.002226;0.02146
2000-07-17;-0.0007846;0.01474
2000-07-18;-0.005974;-0.003207
2000-07-19;-0.00409;-0.005461
2000-07-20;0.01372;0.0153
2000-07-21;-0.01022;-0.01363
2000-07-24;-0.004523;-0.008801
2000-07-25;0.001389;0.002084
2000-07-26;-0.0173;-0.008421
2000-07-27;0.006601;-0.0117
2000-07-28;-0.007106;-0.007706
2000-07-31;0.001028;0.00867
2000-08-01;0.008043;-0.006256
2000-08-02;0.007568;-0.00464
2000-08-03;0.001781;-0.01426
2000-08-04;0.005697;0.0006915
2000-08-07;0.009176;0.01368
2000-08-08;0.01006;0.004312
2000-08-09;-0.006495;0.01152
2000-08-10;0.0002686;0.00748
2000-08-11;0.01085;0.005753
2000-08-14;0.01336;0.001186
2000-08-15;-0.009813;-0.003312
2000-08-16;-0.00531;0.001072
2000-08-17;0.004283;-0.005049
2000-08-18;-0.0008289;-0.006341
2000-08-21;0.003013;-0.004584
2000-08-22;0.005341;0.006902
2000-08-23;0.0004936;-0.002268
2000-08-24;0.003412;-0.0003485
2000-08-25;0.000884;0.01058
2000-08-28;0.005365;0.004377
2000-08-29;-0.003359;-0.006126
2000-08-30;-0.01004;-0.01404
2000-08-31;0.01004;0.007217
2000-09-01;0.002109;0.01369
2000-09-04;0;0.01364
2000-09-05;0.00194;-0.007318
2000-09-06;0.004433;-0.008338
2000-09-07;-0.004499;0.005909
2000-09-08;-0.003489;-0.01535
2000-09-11;-0.002245;-0.006437
2000-09-12;0.003365;-0.01097
2000-09-13;-0.004555;-0.01831
2000-09-14;-0.008506;0.006198
2000-09-15;-0.01458;-0.007158
2000-09-18;-0.0109;-0.01553
2000-09-19;-0.001781;0.003447
2000-09-20;-0.00944;-0.02197
2000-09-21;0.007234;-0.01224
2000-09-22;0.007574;0.008542
2000-09-25;-0.003622;0.007161
2000-09-26;-0.0165;-0.00349
2000-09-27;-0.0002785;0.00722
2000-09-28;0.01825;0.002741
2000-09-29;-0.01613;-0.005083
2000-10-02;0.00461;0.009391
2000-10-03;0.001831;0
2000-10-04;0.006021;-0.005675
2000-10-05;-0.005538;0.01007
2000-10-06;-0.01204;-0.01699
2000-10-09;-0.002656;-0.01421
2000-10-10;-0.004175;-0.001143
2000-10-11;-0.01057;-0.018
2000-10-12;-0.03709;-0.01365
2000-10-13;0.01558;0.02987
2000-10-16;0.004564;-0.005125
2000-10-17;-0.01467;-0.01452
2000-10-18;-0.01143;-0.009483
2000-10-19;0.0167;0.02282
2000-10-20;0.008209;-0.0005334
2000-10-23;0.004403;0.0007509
2000-10-24;0.01174;0.02711
2000-10-25;-0.006428;-0.008057
2000-10-26;0.005181;0.002912
2000-10-27;0.02008;0.0229
2000-10-30;0.02288;0.0002729
2000-10-31;0.01242;0.02155
2000-11-01;-0.006554;-0.002599
2000-11-02;-0.001741;0.00418
2000-11-03;-0.005766;0.005575
2000-11-06;0.01461;0.001126
2000-11-07;-0.002283;-0.007398
2000-11-08;-0.004128;-0.01043
2000-11-09;-0.006698;-0.007259
2000-11-10;-0.02158;-0.01561
2000-11-13;-0.008115;-0.01612
2000-11-14;0.01546;0.03276
2000-11-15;0.002482;-0.0007984
2000-11-16;-0.004828;-0.02173
2000-11-17;-0.002458;-0.008729
2000-11-20;-0.01586;-0.02197
2000-11-21;0.00304;0.009122
2000-11-22;-0.009111;-0.02361
2000-11-23;0;0.01318
2000-11-24;0.006796;0.01014
2000-11-27;0.007217;0.004899
2000-11-28;-0.003656;-0.01071
2000-11-29;0.0115;-0.00412
2000-11-30;-0.0204;-0.03485
2000-12-01;-0.00394;0.02182
2000-12-04;0.0179;-0.01622
2000-12-05;0.03148;0.03511
2000-12-06;-0.02174;-0.002238
2000-12-07;-0.004419;-0.005925
2000-12-08;0.008959;0.01629
2000-12-11;0.001202;0.01355
2000-12-12;0.003952;-0.00724
2000-12-13;0.002427;-0.01698
2000-12-14;-0.01113;-0.02205
2000-12-15;-0.02274;-0.02257
2000-12-18;0.01997;0.009268
2000-12-19;-0.005751;0.01384
2000-12-20;-0.0254;-0.03623
2000-12-21;0.01618;-0.007719
2000-12-22;0.01404;0.008142
2000-12-25;0;0
2000-12-26;0.005334;0
2000-12-27;0.0103;0.0122
2000-12-28;0.006054;0.006847
2000-12-29;-0.007459;0.009679
2001-01-01;0;0
2001-01-02;-0.01324;-0.0226
2001-01-03;0.02775;0.02281
2001-01-04;-0.003051;-0.00912
2001-01-05;-0.02321;0.0009045
2001-01-08;-0.003821;0.001544
2001-01-09;-0.004605;0.00193
2001-01-10;0.002996;-0.01327
2001-01-11;0.0004978;0.02271
2001-01-12;-0.007965;0.003832
2001-01-15;0;0.005047
2001-01-16;0.01202;-0.003068
2001-01-17;-0.006434;0.02288
2001-01-18;0.008836;-0.002652
2001-01-19;-0.008529;0.002374
2001-01-22;-0.0008835;0.003522
2001-01-23;0.006743;0.007078
2001-01-24;-0.0002667;-0.002344
2001-01-25;0.007723;0.0031
2001-01-26;-0.006502;-0.004811
2001-01-29;0.003952;0.008294
2001-01-30;0.01659;-0.001729
2001-01-31;0.000566;0.008252
2001-02-01;0.008803;-0.0134
2001-02-02;-0.01094;-0.009965
2001-02-05;0.009322;-0.001527
2001-02-06;-0.000769;0.009753
2001-02-07;-0.000977;-0.01719
2001-02-08;-0.006063;0.008755
2001-02-09;-0.00915;-0.02128
2001-02-12;0.01522;0.01039
2001-02-13;-0.003977;-0.001064
2001-02-14;-0.009946;-0.01197
2001-02-15;0.008818;0.01711
2001-02-16;-0.008409;-0.02339
2001-02-19;0;0.005104
2001-02-20;-0.006404;-0.003194
2001-02-21;-0.01922;-0.01619
2001-02-22;2.19E-05;-0.01109
2001-02-23;-0.008099;-0.03281
2001-02-26;0.01903;0.01855
2001-02-27;-0.000531;0.005062
2001-02-28;-0.0134;-0.00197
2001-03-01;-0.00431;-0.01376
2001-03-02;0.001546;0.005803
2001-03-05;0.00913;0.00927
2001-03-06;0.002734;0.01083
2001-03-07;0.01298;0.003428
2001-03-08;0.01192;-0.006137
2001-03-09;-0.01987;-0.01005
2001-03-12;-0.04186;-0.02577
2001-03-13;0.008054;-0.01393
2001-03-14;-0.03132;-0.02872
2001-03-15;0.005781;0.0164
2001-03-16;-0.02094;-0.02675
2001-03-19;0.01372;-0.01355
2001-03-20;-0.02422;0.02183
2001-03-21;-0.02434;-0.02807
2001-03-22;-0.01033;-0.04253
2001-03-23;0.0122;0.02866
2001-03-26;0.01904;0.03235
2001-03-27;0.02649;0.03622
2001-03-28;-0.01644;-0.02053
2001-03-29;0.0014;0.01056
2001-03-30;0.008103;-0.008429
2001-04-02;-0.01026;-0.01194
2001-04-03;-0.03034;-0.03665
2001-04-04;0.003127;0.007927
2001-04-05;0.04144;0.0309
2001-04-06;-0.01288;-0.01298
2001-04-09;0.005506;0.01431
2001-04-10;0.02583;0.02272
2001-04-11;-0.008875;0.006291
2001-04-12;0.01127;0.008557
2001-04-13;0;0
2001-04-16;0.003118;0
2001-04-17;0.00571;-0.01118
2001-04-18;0.03832;0.0379
2001-04-19;0.007309;0.002759
2001-04-20;-0.0107;-0.008764
2001-04-23;-0.004511;-0.01256
2001-04-24;-0.007423;0.01201
2001-04-25;0.01621;-0.001533
2001-04-26;0.0063;0.001384
2001-04-27;0.01095;0.008388
2001-04-30;-0.00697;0.01435
2001-05-01;0.0151;0
2001-05-02;-0.001989;-0.008121
2001-05-03;-0.007385;-0.02027
2001-05-04;0.01422;0.008033
2001-05-07;-0.001468;-0.002554
2001-05-08;-0.004735;-0.002273
2001-05-09;-0.00152;-0.007358
2001-05-10;0.003991;0.01656
2001-05-11;-0.008203;-0.003926
2001-05-14;0.005163;-0.01251
2001-05-15;-0.0004009;0.0009394
2001-05-16;0.03105;0.01278
2001-05-17;0.002908;0.004118
2001-05-18;0.004715;0.002113
2001-05-21;0.003196;0.01013
2001-05-22;-0.007141;0.00331
2001-05-23;-0.01357;-0.008864
2001-05-24;0.001522;0.01019
2001-05-25;-0.01058;-0.008851
2001-05-28;0;-0.001084
2001-05-29;0.003064;-0.01564
2001-05-30;-0.0152;-0.01301
2001-05-31;0.003608;0.01349
2001-06-01;0.007165;0.0003119
2001-06-04;0.006449;0.008546
2001-06-05;0.01028;0.01037
2001-06-06;-0.009494;-0.007992
2001-06-07;0.00185;-0.001323
2001-06-08;-0.01031;0.0004785
2001-06-11;-0.005015;-0.003963
2001-06-12;0.002404;-0.01695
2001-06-13;-0.007036;0.008675
2001-06-14;-0.01683;-0.01329
2001-06-15;-0.006239;-0.01944
2001-06-18;0.002044;-0.007831
2001-06-19;-0.004586;0.009073
2001-06-20;0.004769;-0.007881
2001-06-21;0.006376;0.008531
2001-06-22;-0.0104;0.002593
2001-06-25;-0.00951;-0.006662
2001-06-26;-0.003026;-0.009282
2001-06-27;-0.003601;-0.002515
2001-06-28;0.01251;0.02349
2001-06-29;-0.006057;0.0144
2001-07-02;0.008658;0.008402
2001-07-03;-0.002137;-0.008657
2001-07-04;0;-0.006812
2001-07-05;-0.008669;-0.002752
2001-07-06;-0.02192;-0.02312
2001-07-09;0.004547;0.001323
2001-07-10;-0.01209;-0.009163
2001-07-11;0.006405;-0.0025
2001-07-12;0.02297;0.01507
2001-07-13;0.005716;0.006453
2001-07-16;-0.006372;-0.0126
2001-07-17;0.01274;-0.001214
2001-07-18;-0.003453;-0.02044
2001-07-19;0.003793;0.01753
2001-07-20;-0.003148;-0.01132
2001-07-23;-0.0145;0.004789
2001-07-24;-0.01774;-0.02243
2001-07-25;0.01594;-0.01432
2001-07-26;0.00479;0.01652
2001-07-27;-0.003733;0.01384
2001-07-30;-0.001436;0.006466
2001-07-31;0.01157;0.01184
2001-08-01;-0.001217;-0.004439
2001-08-02;0.00391;-0.009981
2001-08-03;-0.003646;-0.007192
2001-08-06;-0.01066;0.00177
2001-08-07;0.005506;0.001125
2001-08-08;-0.01593;-0.02428
2001-08-09;0.0004915;-0.01838
2001-08-10;0.01136;-0.0144
2001-08-13;-3.26E-05;0.003725
2001-08-14;-0.0003591;0.0122
2001-08-15;-0.00638;-0.01189
2001-08-16;0.004491;-0.01729
2001-08-17;-0.01471;-0.02642
2001-08-20;0.007713;-0.00274
2001-08-21;-0.01424;0.001589
2001-08-22;0.01005;0.0007857
2001-08-23;-0.004657;0.00646
2001-08-24;0.01879;0.02508
2001-08-27;-0.003924;0.003515
2001-08-28;-0.01556;-0.01823
2001-08-29;-0.01291;-0.0007123
2001-08-30;-0.01712;-0.02725
2001-08-31;0.003037;0.004979
2001-09-03;0;-0.0183
2001-09-04;0.004787;0.02213
2001-09-05;0.003573;-0.03121
2001-09-06;-0.01937;-0.03481
2001-09-07;-0.02417;-0.03013
2001-09-10;-3.54E-05;-0.01288
2001-09-11;0;0
2001-09-12;0;-0.06652
2001-09-13;0;0.005211
2001-09-14;0;-0.065
2001-09-17;-0.07396;0.03055
2001-09-18;-0.001941;-0.01157
2001-09-19;-0.01634;-0.03717
2001-09-20;-0.0447;-0.05915
2001-09-21;-0.0169;-0.005908
2001-09-24;0.04372;0.06429
2001-09-25;0.0065;-0.007349
2001-09-26;-0.01075;0.02127
2001-09-27;0.01322;0.02154
2001-09-28;0.01896;0.02912
2001-10-01;-0.001213;-0.01595
2001-10-02;0.01279;0.01504
2001-10-03;0.01916;0.03031
2001-10-04;-0.006918;0.02481
2001-10-05;0.006478;-0.01338
2001-10-08;-0.005699;0.001661
2001-10-09;-0.001711;-0.005069
2001-10-10;0.0206;0.03099
2001-10-11;0.01819;0.02256
2001-10-12;-0.007069;-0.01998
2001-10-15;0.0003702;-0.01671
2001-10-16;0.003909;0.017
2001-10-17;-0.01625;0.003956
2001-10-18;-0.007583;-0.01528
2001-10-19;0.004452;-0.01339
2001-10-22;0.01861;0.02317
2001-10-23;-0.003948;0.01821
2001-10-24;0.000593;0.02262
2001-10-25;0.01247;-0.0202
2001-10-26;0.008656;0.02195
2001-10-29;-0.02931;-0.03374
2001-10-30;-0.01604;-0.02529
2001-10-31;-0.005148;0.003329
2001-11-01;0.02059;0.01675
2001-11-02;0.006417;-0.01146
2001-11-05;0.01252;0.0368
2001-11-06;0.01577;-0.01003
2001-11-07;-0.003839;0.03199
2001-11-08;0.003464;0.02698
2001-11-09;0.002134;-0.01686
2001-11-12;-0.005597;-0.01844
2001-11-13;0.02037;0.02592
2001-11-14;0.007424;0.001325
2001-11-15;0.004953;0.0106
2001-11-16;-0.0005471;0.01118
2001-11-19;0.01103;0.0239
2001-11-20;-0.007554;-0.0173
2001-11-21;-0.006759;-0.001797
2001-11-22;0;0.007347
2001-11-23;0.01263;0.005144
2001-11-26;0.002311;-0.00718
2001-11-27;-0.0111;-0.01072
2001-11-28;-0.01642;-0.0288
2001-11-29;0.01203;0.004086
2001-11-30;0.00225;0.01085
2001-12-03;-0.008932;-0.0002946
2001-12-04;0.01321;0.005109
2001-12-05;0.02204;0.04842
2001-12-06;-0.001499;0.001621
2001-12-07;-0.004931;-0.0138
2001-12-10;-0.01282;-0.0144
2001-12-11;-0.00334;0.004239
2001-12-12;0.0006511;-0.01643
2001-12-13;-0.01306;-0.01925
2001-12-14;0.004566;-0.01147
2001-12-17;0.008204;0.03179
2001-12-18;0.0107;-0.00561
2001-12-19;0.007185;-0.01096
2001-12-20;-0.008507;-0.01019
2001-12-21;0.005011;0.01705
2001-12-24;0;0
2001-12-25;0;0
2001-12-26;0.005248;0
2001-12-27;0.00427;0.01936
2001-12-28;0.0005605;0.008362
2001-12-31;-0.01145;0
2002-01-01;0;0
2002-01-02;0.005159;0.001507
2002-01-03;0.009754;0.01962
2002-01-04;0.008575;0.009149
2002-01-07;-0.006129;-0.0164
2002-01-08;-0.004571;0.0007928
2002-01-09;-0.005578;0.009851
2002-01-10;-0.002602;-0.01143
2002-01-11;-0.008011;-0.003476
2002-01-14;-0.00967;-0.02805
2002-01-15;0.003303;-0.0007504
2002-01-16;-0.02158;-0.0155
2002-01-17;0.01409;0.0295
2002-01-18;-0.00797;-0.002178
2002-01-21;0;-0.0103
2002-01-22;-0.005958;-0.004749
2002-01-23;0.001765;0.02298
2002-01-24;0.006669;0.001434
2002-01-25;0.004483;-0.002675
2002-01-28;0.002605;0.0004634
2002-01-29;-0.02541;-0.01455
2002-01-30;0.01492;-0.006377
2002-01-31;0.01597;0.01091
2002-02-01;-0.001285;-0.002068
2002-02-04;-0.02247;-0.02233
2002-02-05;-0.0001714;-0.009622
2002-02-06;-0.003314;-0.02717
2002-02-07;-0.0029;0.01204
2002-02-08;0.01227;-0.0055
2002-02-11;0.01432;0.02129
2002-02-12;-0.002131;-0.01124
2002-02-13;0.01269;0.0103
2002-02-14;0.001233;0.007755
2002-02-15;-0.009942;-0.0226
2002-02-18;0;0.001882
2002-02-19;-0.01607;-0.02236
2002-02-20;0.01992;0.003393
2002-02-21;-0.01077;0.01464
2002-02-22;0.01348;-0.02192
2002-02-25;0.01766;0.02455
2002-02-26;-0.003006;0.007009
2002-02-27;0.001217;0.01267
2002-02-28;-0.00212;0.01577
2002-03-01;0.02566;0.01151
2002-03-04;0.0208;0.0287
2002-03-05;-0.0146;-0.003278
2002-03-06;0.01341;0.01076
2002-03-07;-0.004637;0.0007887
2002-03-08;0.004467;0.01317
2002-03-11;0.003658;-0.003529
2002-03-12;0.001987;-0.01222
2002-03-13;-0.01235;-0.005668
2002-03-14;0.001455;0.005869
2002-03-15;0.00853;0.02327
2002-03-18;-0.002783;0.004605
2002-03-19;0.005421;0.006706
2002-03-20;-0.01265;-0.01808
2002-03-21;-0.002071;-0.002991
2002-03-22;-0.004991;0.003257
2002-03-25;-0.0141;-0.009126
2002-03-26;0.006948;0.01367
2002-03-27;0.007079;-0.007932
2002-03-28;-0.002205;0.009174
2002-03-29;0;0
2002-04-01;-0.003972;0
2002-04-02;-0.004739;-0.0161
2002-04-03;-0.01125;-0.005521
2002-04-04;0.00361;-0.005104
2002-04-05;0.003557;0.001061
2002-04-08;-0.002199;-0.01536
2002-04-09;-0.003951;-0.001948
2002-04-10;0.01681;0.01823
2002-04-11;-0.02001;-0.01964
2002-04-12;0.001447;0.005156
2002-04-15;-0.009579;0.01046
2002-04-16;0.02036;0.01883
2002-04-17;-0.007849;-0.004751
2002-04-18;-0.001518;-0.01052
2002-04-19;0.005066;0.004109
2002-04-22;-0.01184;-0.01508
2002-04-23;-0.004666;-0.002574
2002-04-24;-0.005846;-0.006175
2002-04-25;0.0004615;-0.0207
2002-04-26;-0.01247;-0.01075
2002-04-29;-0.009209;0.001531
2002-04-30;0.01278;0.0066
2002-05-01;0.01134;0
2002-05-02;0.0032;-0.01532
2002-05-03;-0.008482;-0.01661
2002-05-06;-0.02005;-0.0004302
2002-05-07;0.002903;-0.001694
2002-05-08;0.03056;0.03155
2002-05-09;-0.01035;-0.01243
2002-05-10;-0.009761;-0.01927
2002-05-13;0.01693;0.02108
2002-05-14;0.01847;0.01468
2002-05-15;-0.005302;0.004606
2002-05-16;0.004435;-0.004929
2002-05-17;0.006188;-0.00219
2002-05-20;-0.01201;-0.007458
2002-05-21;-0.01218;-0.002881
2002-05-22;0.005149;-0.01315
2002-05-23;0.005713;-0.008164
2002-05-24;-0.01101;0.004015
2002-05-27;0;0.01266
2002-05-28;-0.01222;-0.008696
2002-05-29;-0.005882;-0.007506
2002-05-30;-0.001144;-0.02485
2002-05-31;0.001367;0.01176
2002-06-03;-0.02195;-0.01471
2002-06-04;-0.002263;-0.02607
2002-06-05;0.01118;-0.00032
2002-06-06;-0.01773;0.007156
2002-06-07;-0.00364;-0.01022
2002-06-10;0.005795;-0.004548
2002-06-11;-0.01337;0.003661
2002-06-12;0.0105;-0.02104
2002-06-13;-0.01202;-0.00892
2002-06-14;-0.003013;-0.03791
2002-06-17;0.02225;0.03902
2002-06-18;0.001928;-0.00926
2002-06-19;-0.015;-0.01799
2002-06-20;-0.01367;-0.02538
2002-06-21;-0.01905;-0.003133
2002-06-24;0.003024;-0.02517
2002-06-25;-0.01684;0.01819
2002-06-26;-0.0007355;-0.02504
2002-06-27;0.01629;0.03838
2002-06-28;-0.00288;0.0285
2002-07-01;-0.01454;-0.0036
2002-07-02;-0.01126;-0.03991
2002-07-03;0.005228;-0.01387
2002-07-04;0;0.0287
2002-07-05;0.03521;0.05135
2002-07-08;-0.01121;-0.00912
2002-07-09;-0.01947;-0.01647
2002-07-10;-0.03156;-0.04195
2002-07-11;-0.001359;-0.01726
2002-07-12;-0.01338;0.002982
2002-07-15;-0.005234;-0.05429
2002-07-16;-0.01941;0.01654
2002-07-17;0.008154;0.02852
2002-07-18;-0.01569;0.001936
2002-07-19;-0.04751;-0.05228
2002-07-22;-0.0297;-0.05288
2002-07-23;-0.01062;-0.04874
2002-07-24;0.06155;0.03269
2002-07-25;-0.0006081;-0.03137
2002-07-26;0.009493;0.01649
2002-07-29;0.05273;0.07553
2002-07-30;-0.003663;0.004952
2002-07-31;0.006495;-0.04719
2002-08-01;-0.02668;-0.02565
2002-08-02;-0.02301;-0.02072
2002-08-05;-0.03296;-0.05824
2002-08-06;0.02825;0.06842
2002-08-07;0.02177;-0.02932
2002-08-08;0.02981;0.05984
2002-08-09;0.00383;0.02194
2002-08-12;-0.006488;-0.03071
2002-08-13;-0.02405;0.009844
2002-08-14;0.0303;-0.02565
2002-08-15;0.008522;0.0209
2002-08-16;-0.004556;0.005156
2002-08-19;0.02395;0.04068
2002-08-20;-0.01329;-0.01819
2002-08-21;0.009553;0.0261
2002-08-22;0.01071;0.009873
2002-08-23;-0.02016;-0.02024
2002-08-26;0.005177;-0.01167
2002-08-27;-0.01066;0.01768
2002-08-28;-0.01488;-0.04474
2002-08-29;-0.002661;-0.005962
2002-08-30;-0.0008642;0.0141
2002-09-02;0;-0.02828
2002-09-03;-0.04189;-0.06007
2002-09-04;0.01399;0.007886
2002-09-05;-0.01693;-0.021
2002-09-06;0.01717;0.0383
2002-09-09;0.01088;-0.01633
2002-09-10;0.009722;0.01891
2002-09-11;-0.002495;0.02543
2002-09-12;-0.02379;-0.04648
2002-09-13;-0.007994;-0.01787
2002-09-16;0.008086;-0.01264
2002-09-17;-0.02081;-0.009056
2002-09-18;-0.004286;-0.05121
2002-09-19;-0.02855;-0.03831
2002-09-20;0.005478;0.01919
2002-09-23;-0.01436;-0.05067
2002-09-24;-0.0243;-0.01418
2002-09-25;0.02044;0.0306
2002-09-26;0.01961;0.01942
2002-09-27;-0.03767;-0.03425
2002-09-30;-0.01432;-0.05271
2002-10-01;0.04468;0.03415
2002-10-02;-0.02334;0.02124
2002-10-03;-0.004966;-0.03953
2002-10-04;-0.02477;-0.03571
2002-10-07;-0.01412;-0.01755
2002-10-08;0.01054;-0.01713
2002-10-09;-0.02911;-0.009276
2002-10-10;0.03343;0.05077
2002-10-11;0.04113;0.06979
2002-10-14;0.003447;-0.0279
2002-10-15;0.0469;0.06722
2002-10-16;-0.02697;-0.01299
2002-10-17;0.02931;0.05292
2002-10-18;0.005707;-0.002775
2002-10-21;0.0256;0.03692
2002-10-22;-0.01037;-0.03936
2002-10-23;0.005206;-0.04556
2002-10-24;-0.02105;0.02444
2002-10-25;0.01511;0.003876
2002-10-28;-0.009035;0.03078
2002-10-29;0.0001075;-0.0569
2002-10-30;0.006962;0.02985
2002-10-31;-0.003611;0.01253
2002-11-01;0.01426;0.003897
2002-11-04;0.006315;0.05015
2002-11-05;0.01237;0.007001
2002-11-06;0.01063;-0.01578
2002-11-07;-0.02129;-0.04437
2002-11-08;-0.005736;-0.02456
2002-11-11;-0.02109;-0.0121
2002-11-12;0.003231;0.02398
2002-11-13;0.001488;-0.016
2002-11-14;0.01696;0.03901
2002-11-15;0.004317;0.001056
2002-11-18;-0.01084;0.008299
2002-11-19;-0.00139;-0.003558
2002-11-20;0.01734;0.001888
2002-11-21;0.02544;0.02812
2002-11-22;-0.004568;0.004905
2002-11-25;0.005048;-0.006538
2002-11-26;-0.01974;-0.03316
2002-11-27;0.029;0.04728
2002-11-28;0;0.00436
2002-11-29;-0.003993;-0.01211
2002-12-02;-0.003775;0.01787
2002-12-03;-0.01359;-0.02994
2002-12-04;-0.0005812;0.0122
2002-12-05;-0.0132;-0.02934
2002-12-06;0.002605;-0.005351
2002-12-09;-0.02014;-0.04527
2002-12-10;0.01183;0.03286
2002-12-11;0.001734;0.008818
2002-12-12;-0.005925;-0.02669
2002-12-13;-0.01234;-0.01125
2002-12-16;0.02271;0.04083
2002-12-17;-0.01072;-0.02059
2002-12-18;-0.01037;-0.03807
2002-12-19;-0.00982;-0.02048
2002-12-20;0.01736;0.02099
2002-12-23;-0.002121;-0.007761
2002-12-24;-0.005334;0
2002-12-25;0;0
2002-12-26;-0.001836;0
2002-12-27;-0.0154;-0.05509
2002-12-30;0.003495;0.01836
2002-12-31;0.001053;0
2003-01-01;0;0
2003-01-02;0.03138;0.07086
2003-01-03;-0.0006775;-0.003905
2003-01-06;0.01979;0.02058
2003-01-07;-0.003766;-0.01419
2003-01-08;-0.01676;-0.03924
2003-01-09;0.02082;0.01482
2003-01-10;0.000992;-0.0001152
2003-01-13;0.0001241;0.007648
2003-01-14;0.006426;0.01236
2003-01-15;-0.0136;-0.01604
2003-01-16;-0.002906;0.001543
2003-01-17;-0.01286;-0.04531
2003-01-20;0;-0.008695
2003-01-21;-0.01689;-0.007974
2003-01-22;-0.01482;-0.02373
2003-01-23;0.006081;0.002839
2003-01-24;-0.02891;-0.03379
2003-01-27;-0.01755;-0.02761
2003-01-28;0.01235;0.01037
2003-01-29;0.0027;0.01309
2003-01-30;-0.02063;-0.004737
2003-01-31;0.01359;0.01987
2003-02-03;0.00693;0.001513
2003-02-04;-0.01197;-0.04421
2003-02-05;-0.003514;0.03468
2003-02-06;-0.007023;-0.02861
2003-02-07;-0.00824;-0.03053
2003-02-10;0.00708;0.006498
2003-02-11;-0.00977;0.0157
2003-02-12;-0.01089;-0.02145
2003-02-13;-0.00107;-0.006234
2003-02-14;0.0203;0.04559
2003-02-17;0;0.01282
2003-02-18;0.0166;0.01144
2003-02-19;-0.005056;-0.04306
2003-02-20;-0.01076;-0.0128
2003-02-21;0.01295;0.02199
2003-02-24;-0.02014;-0.0297
2003-02-25;0.006502;-0.03396
2003-02-26;-0.01305;-0.0143
2003-02-27;0.009943;0.0254
2003-02-28;0.0007721;0.01337
2003-03-03;-0.006767;0.00102
2003-03-04;-0.01711;-0.01925
2003-03-05;0.009138;-0.001204
2003-03-06;-0.01315;-0.02452
2003-03-07;0.008569;-0.002403
2003-03-10;-0.02245;-0.04312
2003-03-11;-0.005847;-0.01025
2003-03-12;0.003716;-0.04541
2003-03-13;0.03509;0.06645
2003-03-14;0.004841;0.02055
2003-03-17;0.03528;0.03433
2003-03-18;0.006404;0.03845
2003-03-19;0.008654;0.01177
2003-03-20;0.002556;-0.003973
2003-03-21;0.02801;0.04144
2003-03-24;-0.03672;-0.06336
2003-03-25;0.007948;0.03385
2003-03-26;-0.006099;-0.02177
2003-03-27;-0.00346;0.001828
2003-03-28;-0.006812;-0.02477
2003-03-31;-0.01904;-0.03923
2003-04-01;0.009679;0.0108
2003-04-02;0.02632;0.05524
2003-04-03;-0.005407;-0.007575
2003-04-04;0.004452;0.03226
2003-04-07;0.002806;0.05671
2003-04-08;-0.0001795;-0.01476
2003-04-09;-0.01224;-0.01225
2003-04-10;0.002849;-0.01363
2003-04-11;-0.002182;0.01357
2003-04-14;0.01784;0.01554
2003-04-15;0.006119;0.02044
2003-04-16;-0.01738;-0.003336
2003-04-17;0.009646;0.02624
2003-04-18;0;0
2003-04-21;-0.00105;0
2003-04-22;0.01857;0.02088
2003-04-23;0.003608;0.004529
2003-04-24;-0.00892;-0.02823
2003-04-25;-0.01597;-0.01864
2003-04-28;0.0197;0.03995
2003-04-29;0.003697;-0.01534
2003-04-30;-0.002697;0.01131
2003-05-01;-0.003052;0
2003-05-02;0.01508;0.01483
2003-05-05;-0.005973;0.009015
2003-05-06;0.006634;0.01773
2003-05-07;-0.003234;-0.02019
2003-05-08;-0.008141;-0.04059
2003-05-09;0.01326;0.02414
2003-05-12;0.01409;-0.006559
2003-05-13;-0.005456;-0.009341
2003-05-14;-0.003628;0.005511
2003-05-15;0.007525;0.02142
2003-05-16;-0.003929;-0.0001004
2003-05-19;-0.02161;-0.04741
2003-05-20;-0.000239;-0.00413
2003-05-21;0.002948;-0.004123
2003-05-22;0.009069;0.01334
2003-05-23;0.000856;-0.0149
2003-05-26;0;0.001929
2003-05-27;0.02071;0.0159
2003-05-28;0.001339;0.01586
2003-05-29;-0.009362;-0.004404
2003-05-30;0.01584;0.0258
2003-06-02;0.005358;0.02708
2003-06-03;0.002821;-0.01239
2003-06-04;0.01292;0.01742
2003-06-05;0.0002566;-0.01316
2003-06-06;0.002374;0.02844
2003-06-09;-0.009177;-0.01051
2003-06-10;0.008305;0.01462
2003-06-11;0.01407;0.01197
2003-06-12;0.001451;0.01292
2003-06-13;-0.008674;-0.01589
2003-06-16;0.0219;0.02978
2003-06-17;0.0004356;0.00671
2003-06-18;-0.003139;0.005362
2003-06-19;-0.01237;-0.01741
2003-06-20;0.002309;-0.002507
2003-06-23;-0.01399;-0.01637
2003-06-24;0.004059;0.009666
2003-06-25;-0.01085;-0.005773
2003-06-26;0.007464;0.01317
2003-06-27;-0.009961;-0.005122
2003-06-30;-0.0004017;-0.001266
2003-07-01;0.006159;-0.02325
2003-07-02;0.01121;0.02959
2003-07-03;-0.007976;0.0002715
2003-07-04;0;-0.0007128
2003-07-07;0.01603;0.02838
2003-07-08;0.0006833;0.003471
2003-07-09;-0.007278;-0.006609
2003-07-10;-0.01321;-0.01596
2003-07-11;0.009204;0.01718
2003-07-14;0.006292;0.0207
2003-07-15;-0.005264;-0.003357
2003-07-16;-0.003773;0.0008712
2003-07-17;-0.004824;-0.01696
2003-07-18;0.01506;0.01076
2003-07-21;-0.01;-0.02396
2003-07-22;0.006766;0.009432
2003-07-23;0.0039;-0.004128
2003-07-24;-0.008929;0.02106
2003-07-25;0.01871;-0.005327
2003-07-28;-0.001947;0.01797
2003-07-29;-0.006719;0.003024
2003-07-30;-0.0004792;0.0002654
2003-07-31;0.003662;0.01701
2003-08-01;-0.008683;-0.01414
2003-08-04;0.003497;-0.009813
2003-08-05;-0.01643;0.009659
2003-08-06;0.002809;-0.0184
2003-08-07;0.007116;-0.01305
2003-08-08;0.007058;0.000105
2003-08-11;0.002853;0.0022
2003-08-12;0.01001;0.01254
2003-08-13;-0.004122;0.005067
2003-08-14;0.004176;0.01571
2003-08-15;0.001195;-0.002543
2003-08-18;0.009689;0.01821
2003-08-19;0.001746;-0.0007701
2003-08-20;-0.003335;-0.0009421
2003-08-21;0.002781;0.01818
2003-08-22;-0.00797;-0.004616
2003-08-25;-0.003346;-0.01389
2003-08-26;0.002445;-0.01283
2003-08-27;-0.0007133;0.007956
2003-08-28;0.004321;0.00275
2003-08-29;0.004429;-0.002319
2003-09-01;0;0.02456
2003-09-02;0.01135;-0.001126
2003-09-03;0.004734;0.02226
2003-09-04;0.00203;0.005784
2003-09-05;-0.008859;-0.01676
2003-09-08;0.008691;0.009331
2003-09-09;-0.008285;-0.01303
2003-09-10;-0.009165;-0.01613
2003-09-11;0.004163;0.008441
2003-09-12;0.001246;-0.01662
2003-09-15;-0.002404;0.002349
2003-09-16;0.01247;0.01368
2003-09-17;-0.00227;-0.001044
2003-09-18;0.01182;0.01422
2003-09-19;-0.001483;-0.009268
2003-09-22;-0.01141;-0.03481
2003-09-23;0.004252;-0.01318
2003-09-24;-0.01584;-0.03087
2003-09-25;-0.00869;0.005707
2003-09-26;-0.00331;-0.000427
2003-09-29;0.007185;-0.0004422
2003-09-30;-0.01128;-0.02024
2003-10-01;0.02072;0.02218
2003-10-02;0.001962;-0.0161
2003-10-03;0.008868;0.04253
2003-10-06;0.002365;-0.00413
2003-10-07;0.006195;-0.01453
2003-10-08;-0.002459;0.01172
2003-10-09;0.005086;0.02518
2003-10-10;-0.0005508;-0.003063
2003-10-13;0.009229;0.01916
2003-10-14;0.004965;-7.35E-05
2003-10-15;-0.001012;0.00913
2003-10-16;-0.001156;0.001998
2003-10-17;-0.007167;-0.01721
2003-10-20;0.005759;0.01206
2003-10-21;-0.003104;0.005813
2003-10-22;-0.01545;-0.02531
2003-10-23;0.00155;0.001872
2003-10-24;-0.003196;-0.01281
2003-10-27;0.002678;0.0185
2003-10-28;0.01448;0.01966
2003-10-29;0.002686;0.007911
2003-10-30;0.001235;0.006682
2003-10-31;0.001482;0.004477
2003-11-03;0.005833;0.02392
2003-11-04;-0.001993;-0.0007454
2003-11-05;-0.001831;-0.006438
2003-11-06;0.003673;0.004356
2003-11-07;-0.004798;0.01294
2003-11-10;-0.005444;-0.009648
2003-11-11;-0.001923;-0.004379
2003-11-12;0.01134;0.00494
2003-11-13;-0.001106;0.004591
2003-11-14;-0.007065;0.008412
2003-11-17;-0.00594;-0.03289
2003-11-18;-0.008965;-0.00225
2003-11-19;0.006865;-0.003823
2003-11-20;-0.007358;-0.003909
2003-11-21;0.0009466;0.001157
2003-11-24;0.01231;0.02571
2003-11-25;0.001655;-0.001052
2003-11-26;0.0016;-0.00542
2003-11-27;0;0.008584
2003-11-28;0.0002955;0.0002563
2003-12-01;0.01185;0.01989
2003-12-02;-0.004598;-0.00313
2003-12-03;0.002005;0.01728
2003-12-04;0.005797;-0.0002271
2003-12-05;-0.006885;-0.008566
2003-12-08;0.01035;-0.009202
2003-12-09;-0.004208;0.01036
2003-12-10;-0.0001572;-0.006589
2003-12-11;0.00866;0.009878
2003-12-12;0.003391;0.0003317
2003-12-15;-0.001928;0.003966
2003-12-16;0.01059;-0.002452
2003-12-17;0.001549;-0.004773
2003-12-18;0.01008;0.00604
2003-12-19;0.002937;0.007089
2003-12-22;0.005799;-0.005525
2003-12-23;0.0003153;0.006786
2003-12-24;-0.003494;0
2003-12-25;0;0
2003-12-26;0.001889;0
2003-12-29;0.01207;0.01257
2003-12-30;-0.002391;0.003142
2003-12-31;0.002766;0
2004-01-01;0;0
2004-01-02;-0.004225;0.01336
2004-01-05;0.01281;0.004321
2004-01-06;-0.0005132;-0.000114
2004-01-07;-0.0009142;-0.007722
2004-01-08;0.006004;0.01019
2004-01-09;-0.01269;-0.007257
2004-01-12;0.00251;-0.00506
2004-01-13;-0.005547;7.76E-05
2004-01-14;0.01061;0.01465
2004-01-15;0.001468;0.003333
2004-01-16;0.004411;0.01049
2004-01-19;0;0.006854
2004-01-20;-0.006801;-0.008127
2004-01-21;0.008979;0.007673
2004-01-22;-4.14E-05;0.0004397
2004-01-23;-0.00518;0.002887
2004-01-26;0.01262;-0.005591
2004-01-27;-0.008689;0.001389
2004-01-28;-0.01343;0.003819
2004-01-29;0.003996;-0.01323
2004-01-30;-0.002116;-0.009102
2004-02-02;0.001059;0.003198
2004-02-03;0.0005713;-0.003467
2004-02-04;-0.003284;-0.007208
2004-02-05;0.002367;-0.003377
2004-02-06;0.009245;0.007494
2004-02-09;-0.001322;0.01326
2004-02-10;0.003286;0.002882
2004-02-11;0.0116;0.00276
2004-02-12;-0.004072;-0.0001237
2004-02-13;-0.006211;-0.0158
2004-02-16;0;0.0033
2004-02-17;0.008156;0.006221
2004-02-18;-0.004011;-0.000127
2004-02-19;-0.0006805;0.01122
2004-02-20;-0.004294;-0.0166
2004-02-23;-0.0008865;-0.00114
2004-02-24;-0.004085;-0.01918
2004-02-25;0.003331;0.0009816
2004-02-26;-0.002028;0.003116
2004-02-27;0.0003572;0.002579
2004-03-01;0.008863;0.008986
2004-03-02;-0.008149;0.01126
2004-03-03;0.0001539;-0.007009
2004-03-04;-0.0004825;0.01513
2004-03-05;0.0007128;-0.00185
2004-03-08;-0.006255;0.004799
2004-03-09;-0.006911;-0.0142
2004-03-10;-0.01543;-0.01054
2004-03-11;-0.0165;-0.03516
2004-03-12;0.01097;0.002667
2004-03-15;-0.01349;-0.02708
2004-03-16;0.008062;0.003042
2004-03-17;0.01129;0.01928
2004-03-18;-0.0004389;-0.01796
2004-03-19;-0.01066;-0.002166
2004-03-22;-0.01203;-0.02383
2004-03-23;-0.0001103;-0.0001099
2004-03-24;-0.001532;-0.0007378
2004-03-25;0.01683;0.02278
2004-03-26;-0.0005726;0.002727
2004-03-29;0.01136;0.0153
2004-03-30;0.005028;-0.001859
2004-03-31;-0.002314;-0.004486
2004-04-01;0.001508;0.01752
2004-04-02;0.009332;0.02086
2004-04-05;0.008349;0.01018
2004-04-06;0.001178;-0.00639
2004-04-07;-0.008613;-0.005396
2004-04-08;-0.003644;0.003087
2004-04-09;0;0
2004-04-12;0.007017;0
2004-04-13;-0.01285;0.01432
2004-04-14;-0.0003208;-0.01451
2004-04-15;0.001878;-0.002036
2004-04-16;0.005229;0.007307
2004-04-19;-0.001352;-0.002211
2004-04-20;-0.01189;0.008919
2004-04-21;0.0002685;-0.008651
2004-04-22;0.01385;0.008163
2004-04-23;0.001112;0.0109
2004-04-26;-0.002688;0.005398
2004-04-27;0.003196;0.002002
2004-04-28;-0.01302;-0.01667
2004-04-29;-0.006823;-0.01408
2004-04-30;-0.004557;-0.005929
2004-05-03;0.008611;0.005615
2004-05-04;0.0003102;-0.004226
2004-05-05;-0.000606;0.007825
2004-05-06;-0.006782;-0.0284
2004-05-07;-0.01217;-0.003541
2004-05-10;-0.01266;-0.02892
2004-05-11;0.002944;0.01709
2004-05-12;0.002561;-0.0193
2004-05-13;-0.003432;0.01281
2004-05-14;0.0002127;-0.005724
2004-05-17;-0.01064;-0.0129
2004-05-18;0.006199;0.009245
2004-05-19;-0.003095;0.02167
2004-05-20;-7.04E-06;-0.008543
2004-05-21;0.002924;-0.00195
2004-05-24;-0.0008341;0.009351
2004-05-25;0.01586;-0.01034
2004-05-26;-0.0007643;0.01025
2004-05-27;0.009383;0.01178
2004-05-28;-0.001643;-0.002715
2004-05-31;0;0.004778
2004-06-01;0.001393;-0.0147
2004-06-02;0.005895;0.006225
2004-06-03;-0.006556;0.007372
2004-06-04;0.00459;0.01138
2004-06-07;0.01437;0.01401
2004-06-08;0.00398;0.0002837
2004-06-09;-0.006161;-0.005286
2004-06-10;0.00401;0.005956
2004-06-11;0;-0.001762
2004-06-14;-0.007266;-0.01655
2004-06-15;0.004412;0.009741
2004-06-16;-8.19E-05;0.00399
2004-06-17;-0.0001985;-0.004451
2004-06-18;0.003741;0.003589
2004-06-21;-0.004324;-0.002624
2004-06-22;0.002273;-0.01539
2004-06-23;0.008096;0.004245
2004-06-24;-0.003418;0.01558
2004-06-25;-0.006915;0.001571
2004-06-28;-0.001423;0.01386
2004-06-29;0.005425;9.34E-05
2004-06-30;0.002115;-0.004186
2004-07-01;-0.009757;-0.004379
2004-07-02;-0.004979;-0.009024
2004-07-05;0;-0.0007605
2004-07-06;-0.006194;-0.01281
2004-07-07;0.002048;-0.003632
2004-07-08;-0.006734;0.0009917
2004-07-09;0.004087;-0.002542
2004-07-12;0.002445;-0.007995
2004-07-13;0.0009148;0.002729
2004-07-14;-0.003792;-0.001292
2004-07-15;-0.004481;-0.01334
2004-07-16;-0.002303;-0.0003276
2004-07-19;-0.004519;-0.008696
2004-07-20;0.005435;0.006528
2004-07-21;-0.01019;0.01034
2004-07-22;0.000418;-0.01991
2004-07-23;-0.008806;-0.0009792
2004-07-26;-3.01E-05;-0.01185
2004-07-27;0.01229;0.01625
2004-07-28;0.003161;-0.001803
2004-07-29;0.001202;0.02143
2004-07-30;0.001033;0.001523
2004-08-02;0.003883;-0.008481
2004-08-03;-0.005805;0.003775
2004-08-04;0.0006194;-0.01392
2004-08-05;-0.01628;0.001383
2004-08-06;-0.01494;-0.02681
2004-08-09;-6.83E-05;-0.01009
2004-08-10;0.01316;0.00818
2004-08-11;-0.0006387;-0.01128
2004-08-12;-0.01253;-0.00567
2004-08-13;0.001096;-0.003044
2004-08-16;0.01306;0.01419
2004-08-17;0.001835;0.001788
2004-08-18;0.011;0.005589
2004-08-19;-0.004207;-0.0009423
2004-08-20;0.00688;-0.002792
2004-08-23;-0.003675;0.01591
2004-08-24;0.002536;-0.0003023
2004-08-25;0.008196;0.00473
2004-08-26;-0.0008185;0.01139
2004-08-27;0.002121;0.00492
2004-08-30;-0.007136;-0.003207
2004-08-31;0.005065;-0.01407
2004-09-01;-0.0005368;0.008526
2004-09-02;0.01191;0.004138
2004-09-03;-0.002927;0.008711
2004-09-06;0;0.00531
2004-09-07;0.00786;0.0003755
2004-09-08;-0.002692;-0.001256
2004-09-09;-0.002355;-0.008517
2004-09-10;0.002327;0.008998
2004-09-13;0.0001639;0.01717
2004-09-14;0.0003296;-0.001407
2004-09-15;-0.008448;-0.001521
2004-09-16;0.001282;0.005541
2004-09-17;0.003894;0.006142
2004-09-20;-0.007767;-0.002609
2004-09-21;0.003916;0.003348
2004-09-22;-0.01334;-0.01227
2004-09-23;-0.006976;-0.00935
2004-09-24;0.0008304;0.001187
2004-09-27;-0.00586;-0.009231
2004-09-28;0.008857;0.002037
2004-09-29;0.005822;0.009763
2004-09-30;-0.005537;-0.007029
2004-10-01;0.01109;0.02588
2004-10-04;0.002341;0.009546
2004-10-05;-0.003811;0.003818
2004-10-06;0.006097;0.0002346
2004-10-07;-0.01125;-0.001557
2004-10-08;-0.006957;-0.006904
2004-10-11;0.002659;0.0005676
2004-10-12;-0.0004752;-0.0151
2004-10-13;-0.007455;0.004646
2004-10-14;-0.01084;-0.008986
2004-10-15;0.003927;-0.004668
2004-10-18;0.002307;-0.001771
2004-10-19;-0.005913;0.01243
2004-10-20;-0.001081;-0.01314
2004-10-21;-0.002144;0.005521
2004-10-22;-0.011;0.0002745
2004-10-25;-0.0008017;-0.02073
2004-10-26;0.0141;0.002035
2004-10-27;0.01142;0.01714
2004-10-28;0.0002509;0.007748
2004-10-29;0.002289;0.0001667
2004-11-01;0.002681;0.01314
2004-11-02;-0.001858;0.006194
2004-11-03;0.01005;0.000364
2004-11-04;0.01738;0.0005792
2004-11-05;0.007031;0.005478
2004-11-08;0.0003629;0.001326
2004-11-09;-0.0004755;-0.000895
2004-11-10;-8.57E-05;0.005837
2004-11-11;0.00809;0.01014
2004-11-12;0.006585;0.003031
2004-11-15;0.001065;-0.002177
2004-11-16;-0.00595;-0.00415
2004-11-17;0.005887;0.01595
2004-11-18;0.002176;-0.001131
2004-11-19;-0.011;-0.01053
2004-11-22;0.003104;-0.002642
2004-11-23;0.0003031;-0.002576
2004-11-24;0.002637;0.002896
2004-11-25;0;0.00846
2004-11-26;0.0001825;-0.001462
2004-11-29;-0.004413;-0.001756
2004-11-30;-0.004581;-0.005072
2004-12-01;0.01543;0.01444
2004-12-02;-0.0004817;0.007229
2004-12-03;0.0006696;-0.001787
2004-12-06;-0.004272;-0.003561
2004-12-07;-0.01015;0.004451
2004-12-08;0.005125;-0.002679
2004-12-09;0.005568;-0.0122
2004-12-10;-0.0009101;0.005799
2004-12-13;0.00898;0.01065
2004-12-14;0.003578;0.002854
2004-12-15;0.001404;-0.004171
2004-12-16;0.001326;0.00474
2004-12-17;-0.005218;-0.01222
2004-12-20;0.001096;0.006977
2004-12-21;0.009134;0.0006741
2004-12-22;0.005234;0.00636
2004-12-23;0.001038;0.002435
2004-12-24;0;0
2004-12-27;-0.004721;-0.003832
2004-12-28;0.00725;0.006221
2004-12-29;-0.002338;-0.0033
2004-12-30;-0.002671;0.001959
2004-12-31;-0.001602;0
2005-01-03;-0.004981;0.008295
2005-01-04;-0.009237;-0.00024
2005-01-05;-0.003104;-0.007547
2005-01-06;0.002361;0.009978
2005-01-07;-0.001783;0.003588
2005-01-10;0.001608;-0.002094
2005-01-11;-0.006121;-0.01153
2005-01-12;0.005815;-0.01162
2005-01-13;-0.0106;0.0007885
2005-01-14;0.004954;0.004789
2005-01-17;0;0.003102
2005-01-18;0.006682;0.001224
2005-01-19;-0.008392;-0.001215
2005-01-20;-0.00652;-0.005934
2005-01-21;-0.007523;-0.001596
2005-01-24;-0.002349;-0.002807
2005-01-25;0.008925;0.007601
2005-01-26;0.003533;-0.004695
2005-01-27;-0.002975;0.0005433
2005-01-28;-0.003848;-0.003469
2005-01-31;0.005999;0.01254
2005-02-01;0.005893;0.005886
2005-02-02;0.004241;0.003811
2005-02-03;-0.0003483;-0.00342
2005-02-04;0.01155;0.01337
2005-02-07;-3.45E-05;0.006219
2005-02-08;0.0008274;0.001154
2005-02-09;-0.005659;-0.004181
2005-02-10;0.007986;-0.002562
2005-02-11;0.004307;0.01049
2005-02-14;-0.0004521;-0.0003191
2005-02-15;0.004271;0.003557
2005-02-16;-0.0002252;-0.007584
2005-02-17;-0.007469;0.0002083
2005-02-18;0.002875;-0.002339
2005-02-21;0;-0.001407
2005-02-22;-0.01627;-0.006945
2005-02-23;0.005881;-0.002907
2005-02-24;0.007002;-0.001479
2005-02-25;0.008597;0.01025
2005-02-28;-0.006976;0.0004253
2005-03-01;0.005906;0.007586
2005-03-02;-0.001666;0.002235
2005-03-03;0.001946;-0.004599
2005-03-04;0.009876;0.01142
2005-03-07;-0.0003373;0.001033
2005-03-08;-0.002219;-0.00716
2005-03-09;-0.009854;-0.004765
2005-03-10;0.004238;-0.008704
2005-03-11;-0.007135;0.005245
2005-03-14;0.002794;0.001561
2005-03-15;-0.005514;0.004658
2005-03-16;-0.01048;-0.01807
2005-03-17;-0.0006322;0.001579
2005-03-18;0.0003124;0.002606
2005-03-21;-0.006066;-0.007148
2005-03-22;-0.009021;0.005647
2005-03-23;-0.001385;-0.0008081
2005-03-24;-0.001258;0.006096
2005-03-25;0;0
2005-03-28;0.004088;0
2005-03-29;-0.007654;0.001907
2005-03-30;0.01291;-0.001005
2005-03-31;-0.003532;0.0002875
2005-04-01;-0.009514;0.005677
2005-04-04;0.001617;-0.007376
2005-04-05;0.003575;0.004876
2005-04-06;0.002632;0.003791
2005-04-07;0.005734;0.002358
2005-04-08;-0.00809;0.002539
2005-04-11;-0.001222;-0.001044
2005-04-12;0.00567;-0.005467
2005-04-13;-0.00995;0.007649
2005-04-14;-0.0121;-0.0008265
2005-04-15;-0.01878;-0.02061
2005-04-18;-0.001613;-0.02585
2005-04-19;0.005561;0.0005733
2005-04-20;-0.01143;-0.0062
2005-04-21;0.02039;0.003602
2005-04-22;-0.005977;0.006972
2005-04-25;0.00831;0.005648
2005-04-26;-0.008958;-0.003113
2005-04-27;0.004685;-0.01062
2005-04-28;-0.01267;-0.00261
2005-04-29;0.01206;0.001612
2005-05-02;0.00579;0.009319
2005-05-03;0.000512;0.005082
2005-05-04;0.01237;0.004421
2005-05-05;-0.004271;0.008211
2005-05-06;0.0004854;0.002683
2005-05-09;0.003757;-0.004335
2005-05-10;-0.009991;-0.009664
2005-05-11;0.00186;-0.001641
2005-05-12;-0.01081;0.005379
2005-05-13;-0.004856;0.002025
2005-05-16;0.011;-0.003167
2005-05-17;0.007733;-0.002445
2005-05-18;0.01275;0.01698
2005-05-19;0.002743;0.008249
2005-05-20;-0.00203;5.96E-05
2005-05-23;0.00492;0.01055
2005-05-24;-0.001891;-0.002342
2005-05-25;-0.004378;-0.001616
2005-05-26;0.007602;0.01066
2005-05-27;0.0004696;0.001826
2005-05-30;0;0.008004
2005-05-31;-0.007146;-0.004429
2005-06-01;0.00784;0.01481
2005-06-02;0.0003431;0.001104
2005-06-03;-0.008805;-0.004817
2005-06-06;0.0005791;-0.002915
2005-06-07;0.001531;0.01517
2005-06-08;-0.0005926;-0.001912
2005-06-09;0.002494;0.001197
2005-06-10;0.0009146;0.005104
2005-06-13;0.0009441;0.002855
2005-06-14;0.002374;-0.001636
2005-06-15;0.001781;-0.009468
2005-06-16;0.001162;0.006891
2005-06-17;0.00419;0.005379
2005-06-20;-0.001316;-0.003854
2005-06-21;-0.0008893;0.004622
2005-06-22;-0.001108;0.00249
2005-06-23;-0.01585;0.001704
2005-06-24;-0.01193;-0.01327
2005-06-27;-0.0006848;-0.009386
2005-06-28;0.0111;0.007409
2005-06-29;-0.002998;0.005726
2005-06-30;-0.009638;0.000578
2005-07-01;0.002767;0.006691
2005-07-04;0;0.001372
2005-07-05;0.006613;-0.004283
2005-07-06;-0.009797;0.002569
2005-07-07;0.003073;-0.01866
2005-07-08;0.01415;0.01485
2005-07-11;0.006732;0.01413
2005-07-12;-0.0005544;-0.002222
2005-07-13;0.004129;0.005756
2005-07-14;0.006749;0.004133
2005-07-15;0.001124;0.002896
2005-07-18;-0.006207;0.001414
2005-07-19;0.006745;0.01074
2005-07-20;0.003992;0.002922
2005-07-21;-0.005759;0.009438
2005-07-22;0.0022;0.001454
2005-07-25;-0.005149;0.001198
2005-07-26;-0.001578;0.0001631
2005-07-27;0.005403;0.002446
2005-07-28;0.006415;0.007622
2005-07-29;-0.006056;-0.001227
2005-08-01;-0.00167;0.0008898
2005-08-02;0.005687;0.008555
2005-08-03;0.001296;-0.001978
2005-08-04;-0.008212;-0.01002
2005-08-05;-0.00492;-0.009665
2005-08-08;-0.002;0.00221
2005-08-09;0.007445;0.0147
2005-08-10;-0.002005;0.01638
2005-08-11;0.008598;-0.007369
2005-08-12;-0.008042;-0.003357
2005-08-15;0.00321;-0.003041
2005-08-16;-0.01144;-0.007858
2005-08-17;0.003538;-0.002532
2005-08-18;0.0003989;-0.004153
2005-08-19;0.0004083;0.01608
2005-08-22;0.001009;0.002387
2005-08-23;-0.004771;-0.004858
2005-08-24;-0.008085;-0.0003641
2005-08-25;0.001509;-0.01227
2005-08-26;-0.005117;-0.01498
2005-08-29;0.006305;0.005927
2005-08-30;-0.004812;-0.004273
2005-08-31;0.006584;0.007893
2005-09-01;-0.002098;0.00274
2005-09-02;-0.001173;-0.00106
2005-09-05;0;0.01479
2005-09-06;0.01349;0.01182
2005-09-07;0.004171;0.003989
2005-09-08;-0.003539;0.0009238
2005-09-09;0.007768;0.002636
2005-09-12;0.0004101;-0.003191
2005-09-13;-0.008036;-0.01781
2005-09-14;-0.003658;0.001893
2005-09-15;0;-0.001057
2005-09-16;0.007848;0.01628
2005-09-19;-0.007954;-0.01218
2005-09-20;-0.007235;0.007428
2005-09-21;-0.009923;-0.01782
2005-09-22;0.004233;-0.005391
2005-09-23;-0.0002361;0.006899
2005-09-26;0.002305;0.0234
2005-09-27;0.001204;-0.006479
2005-09-28;0.001612;0.01655
2005-09-29;0.007581;-0.005476
2005-09-30;0.001507;0.00456
2005-10-03;-0.003148;0.007495
2005-10-04;-0.008998;0.01095
2005-10-05;-0.01192;-0.01344
2005-10-06;-0.002937;-0.01034
2005-10-07;0.0005063;-0.001895
2005-10-10;-0.005216;0.002995
2005-10-11;0.001406;0.001923
2005-10-12;-0.003544;-0.01012
2005-10-13;-3.03E-05;-0.006384
2005-10-14;0.006901;0.005136
2005-10-17;0.005889;0.000657
2005-10-18;-0.006091;-0.006377
2005-10-19;0.01245;-0.02067
2005-10-20;-0.01286;0.003763
2005-10-21;-0.006428;-0.005328
2005-10-24;0.01648;0.01302
2005-10-25;-0.0006868;-0.005897
2005-10-26;-0.003174;0.005693
2005-10-27;-0.01118;-0.01952
2005-10-28;0.01675;0.004068
2005-10-31;0.003579;0.02121
2005-11-01;-0.003195;-0.001324
2005-11-02;0.006318;0.006536
2005-11-03;0.00475;0.01127
2005-11-04;0.0007761;-0.00315
2005-11-07;0.005254;0.005781
2005-11-08;-0.004403;-0.003064
2005-11-09;0.0006156;0.000509
2005-11-10;0.008863;0.0008318
2005-11-11;0.004308;0.01488
2005-11-14;0.001041;0.00033
2005-11-15;-0.001004;0.003564
2005-11-16;-0.001094;-0.00572
2005-11-17;0.00425;0.003587
2005-11-18;0.004292;0.004652
2005-11-21;0.004998;0.009153
2005-11-22;0.004716;0.0007946
2005-11-23;0.0041;0.004119
2005-11-24;0;-0.00156
2005-11-25;0.001422;0.001212
2005-11-28;-0.003748;-0.00341
2005-11-29;-0.0002351;0.004412
2005-11-30;-0.007586;-0.00117
2005-12-01;0.009826;0.01399
2005-12-02;-0.003218;0.007838
2005-12-05;-0.003915;-0.007779
2005-12-06;0.002015;0.006433
2005-12-07;-0.004241;-0.006454
2005-12-08;-0.005174;0.00379
2005-12-09;0.002179;-0.0008743
2005-12-12;-0.001003;0.003606
2005-12-13;0.005183;0.001709
2005-12-14;0.005509;-0.004439
2005-12-15;-0.0001691;0.001712
2005-12-16;-0.0005589;0.01086
2005-12-19;-0.003598;-0.0006502
2005-12-20;-0.002863;0.001199
2005-12-21;0.002605;0.007556
2005-12-22;0.005129;0.0001945
2005-12-23;-0.0005668;0.00384
2005-12-26;0;0
2005-12-27;-0.009741;0.004748
2005-12-28;0.001714;0.0004242
2005-12-29;-0.00106;0.002096
2005-12-30;-0.006262;-0.009261
2006-01-02;0;0.007685
2006-01-03;0.01205;0.001961
2006-01-04;0.003014;0.01146
2006-01-05;0.0001838;-0.001284
2006-01-06;0.007065;0.003581
2006-01-09;0.004787;0.0001427
2006-01-10;-2.91E-05;-0.007687
2006-01-11;0.002889;0.006924
2006-01-12;-0.007369;0.001669
2006-01-13;-0.0002272;-0.01071
2006-01-16;0;0.005738
2006-01-17;-0.005815;-0.009928
2006-01-18;-0.003812;-0.01189
2006-01-19;0.002379;0.006508
2006-01-20;-0.0198;-0.01518
2006-01-23;0.002002;-5.61E-05
2006-01-24;0.002191;-0.0027
2006-01-25;-0.0002315;0.01725
2006-01-26;0.009269;0.0222
2006-01-27;0.009001;0.0176
2006-01-30;-0.0006686;0.00223
2006-01-31;-0.003222;0.002492
2006-02-01;0.008166;0.009189
2006-02-02;-0.009353;-0.01353
2006-02-03;-0.005392;0.00133
2006-02-06;0.0004307;0.001706
2006-02-07;-0.004503;0.001083
2006-02-08;0.01008;-0.001148
2006-02-09;0.002275;0.01354
2006-02-10;0.003275;-0.007376
2006-02-13;-0.002451;0.009576
2006-02-14;0.01241;0.001227
2006-02-15;0.002769;0.0001683
2006-02-16;0.005565;0.004307
2006-02-17;-0.0004821;0.001076
2006-02-20;0;-0.000264
2006-02-21;-0.004171;0.001223
2006-02-22;0.006134;0.01046
2006-02-23;-0.00612;-0.0007133
2006-02-24;-0.000666;0.002201
2006-02-27;0.003222;0.007528
2006-02-28;-0.009428;-0.02034
2006-03-01;0.005454;0.0121
2006-03-02;-0.002538;-0.01427
2006-03-03;-0.0003556;-0.01078
2006-03-06;-0.005732;0.005682
2006-03-07;0.002015;-0.002572
2006-03-08;0.002279;-0.01155
2006-03-09;-0.003045;0.01032
2006-03-10;0.009439;0.0126
2006-03-13;-2.89E-05;0.008617
2006-03-14;0.006777;0.002681
2006-03-15;0.005226;0.00469
2006-03-16;0.00387;-0.000117
2006-03-17;0.002344;-0.002616
2006-03-20;-0.000454;0.003464
2006-03-21;-0.00347;0.001535
2006-03-22;0.007268;0.003453
2006-03-23;-0.004174;0.002492
2006-03-24;0.0008585;0.004367
2006-03-27;-0.002651;-0.01024
2006-03-28;-0.008531;-0.003665
2006-03-29;0.005468;0.004091
2006-03-30;-0.005812;0.01167
2006-03-31;-0.003718;-0.002361
2006-04-03;0.003201;0.008999
2006-04-04;0.005272;-0.001695
2006-04-05;0.003181;0.002549
2006-04-06;-0.002053;0.0003632
2006-04-07;-0.008637;-0.0131
2006-04-10;0.001913;0.008444
2006-04-11;-0.004651;-0.01594
2006-04-12;0.003631;-0.001223
2006-04-13;0.0006898;0.002931
2006-04-14;0;0
2006-04-17;-0.005751;0
2006-04-18;0.01746;-0.002705
2006-04-19;0.000887;0.01533
2006-04-20;0.005669;0.01153
2006-04-21;0.0004019;0.005177
2006-04-24;-0.0009813;-0.002573
2006-04-25;-0.004692;-4.77E-05
2006-04-26;0.006294;0.004648
2006-04-27;0.002465;-0.006469
2006-04-28;-0.001351;-0.00958
2006-05-01;-0.0021;0
2006-05-02;0.006428;0.006865
2006-05-03;-0.001417;-0.0137
2006-05-04;0.003378;0.01172
2006-05-05;0.01207;0.01217
2006-05-08;0.0005872;0.0024
2006-05-09;0.004756;0.002077
2006-05-10;0.0002474;-0.003645
2006-05-11;-0.01226;-0.01046
2006-05-12;-0.01047;-0.02313
2006-05-15;0.004189;-0.01007
2006-05-16;-0.0007773;-0.0008728
2006-05-17;-0.01894;-0.03463
2006-05-18;-0.006924;0.002359
2006-05-19;0.001416;0.001095
2006-05-22;-0.001683;-0.02247
2006-05-23;-0.002427;0.02357
2006-05-24;0.001708;-0.0162
2006-05-25;0.008396;0.02105
2006-05-26;0.006008;0.01432
2006-05-29;0;-0.005776
2006-05-30;-0.01646;-0.02331
2006-05-31;0.006637;0.01245
2006-06-01;0.008201;0.002584
2006-06-02;-0.001103;-0.003607
2006-06-05;-0.01786;-0.01165
2006-06-06;-0.004225;-0.02128
2006-06-07;-0.006496;0.007445
2006-06-08;0.0007243;-0.02941
2006-06-09;-0.004297;0.0149
2006-06-12;-0.009162;-0.01262
2006-06-13;-0.008041;-0.01935
2006-06-14;0.01029;0.002614
2006-06-15;0.01816;0.02167
2006-06-16;-5.90E-05;-0.008559
2006-06-19;-0.006598;0.01169
2006-06-20;0.002987;0.009948
2006-06-21;0.009488;0.001782
2006-06-22;-0.005462;0.005438
2006-06-23;-0.002728;-0.0006653
2006-06-26;0.0051;-0.002736
2006-06-27;-0.01097;-0.01011
2006-06-28;0.004459;-0.0004177
2006-06-29;0.0196;0.02261
2006-06-30;-0.003633;0.01805
2006-07-03;0.006953;0.005156
2006-07-04;0;0.002853
2006-07-05;-0.00681;-0.01821
2006-07-06;0.006567;0.01234
2006-07-07;-0.01207;-0.002394
2006-07-10;0.001161;0.004297
2006-07-11;0.002808;-0.01595
2006-07-12;-0.01098;0.003871
2006-07-13;-0.01527;-0.0198
2006-07-14;-0.009909;-0.01919
2006-07-17;0.0007456;-0.0009706
2006-07-18;0.004815;-0.003719
2006-07-19;0.01946;0.02605
2006-07-20;-0.007595;0.001178
2006-07-21;-0.00548;-0.01724
2006-07-24;0.01667;0.02304
2006-07-25;0.004754;-0.002206
2006-07-26;-0.0001081;0.003111
2006-07-27;-0.0001874;0.01352
2006-07-28;0.01069;0.008157
2006-07-31;-0.003037;-0.004119
2006-08-01;-0.005374;-0.01511
2006-08-02;0.006646;0.01491
2006-08-03;0.003803;-0.007206
2006-08-04;-0.0001993;0.01461
2006-08-07;-0.001867;-0.01698
2006-08-08;-0.00409;0.004478
2006-08-09;-0.008756;0.008964
2006-08-10;0.004341;-0.01268
2006-08-11;-0.003273;-0.0004601
2006-08-14;0.000888;0.01124
2006-08-15;0.01186;0.01479
2006-08-16;0.008588;0.006237
2006-08-17;0.0006919;0.003532
2006-08-18;0.004095;-0.002831
2006-08-21;-0.003206;-0.003822
2006-08-22;-0.0004585;0.004061
2006-08-23;-0.003705;-0.007395
2006-08-24;0.0005805;0.006651
2006-08-25;-0.001807;-0.000449
2006-08-28;0.006005;0.007461
2006-08-29;0.001578;-0.001362
2006-08-30;0.00114;0.003502
2006-08-31;-0.0001546;-0.001358
2006-09-01;0.007266;0.002892
2006-09-04;0;0.00563
2006-09-05;0.0004474;-0.00435
2006-09-06;-0.005515;-0.01214
2006-09-07;-0.006576;-0.006791
2006-09-08;0.00534;0.003724
2006-09-11;0.0004151;0.000552
2006-09-12;0.008845;0.01292
2006-09-13;0.003926;0.005479
2006-09-14;-0.001381;0.0002116
2006-09-15;0.002892;0.00515
2006-09-18;-0.0004992;-0.001945
2006-09-19;-0.00122;-0.008961
2006-09-20;0.006243;0.01368
2006-09-21;-0.006909;0.001284
2006-09-22;-0.002181;-0.01329
2006-09-25;0.005866;0.003112
2006-09-26;0.008052;0.009943
2006-09-27;0.0017;0.004867
2006-09-28;0.002496;-9.18E-05
2006-09-29;-0.003366;0.00253
2006-10-02;-0.0007469;-0.0008114
2006-10-03;0.004871;-0.001208
2006-10-04;0.01046;0.008996
2006-10-05;0.001356;0.00477
2006-10-06;-0.00139;0.001733
2006-10-09;0.0006411;-0.0002334
2006-10-10;0.000789;0.00546
2006-10-11;-0.001268;0.0002844
2006-10-12;0.008031;0.00665
2006-10-13;0.001072;0.002173
2006-10-16;0.001677;0.002081
2006-10-17;-0.002555;-0.01161
2006-10-18;0.003564;0.01101
2006-10-19;0.001587;-0.0008673
2006-10-20;-0.0007795;0.004103
2006-10-23;0.009498;0.006442
2006-10-24;0.0009049;0.0007382
2006-10-25;0.0005605;0.002781
2006-10-26;0.002385;0.003071
2006-10-27;-0.006053;-0.003451
2006-10-30;-0.0003119;-0.0006948
2006-10-31;-0.0004767;0.001713
2006-11-01;-0.004123;0.003659
2006-11-02;-0.001038;-0.01096
2006-11-03;-0.002708;0.002859
2006-11-06;0.009921;0.01424
2006-11-07;0.004222;0.004934
2006-11-08;0.001625;-0.001998
2006-11-09;-0.006033;0.001483
2006-11-10;0.0004238;-0.0001431
2006-11-13;0.001935;0.00564
2006-11-14;0.007074;-0.0009937
2006-11-15;0.002754;0.006789
2006-11-16;0.004407;0.001884
